timestamp,pos_x,pos_y,pos_z,vel_x,vel_y,vel_z,acc_x,acc_y,acc_z
0.020000,1.499965,0.010500,0.199794,-0.003333,0.499989,-0.009800,0.000000,0.000000,0.000000
0.040000,1.499863,0.020499,0.199598,-0.006666,0.499956,-0.009800,-0.166656,-0.001667,0.000000
0.060000,1.499695,0.030498,0.199402,-0.009999,0.499900,-0.009800,-0.166642,-0.002778,0.000000
0.080000,1.499460,0.040495,0.199206,-0.013332,0.499822,-0.009800,-0.166619,-0.003888,0.000000
0.100000,1.499158,0.050491,0.199010,-0.016663,0.499722,-0.009800,-0.166590,-0.004999,0.000000
0.120000,1.498790,0.060484,0.198814,-0.019994,0.499600,-0.009800,-0.166553,-0.006110,0.000000
0.140000,1.498355,0.070474,0.198618,-0.023325,0.499456,-0.009800,-0.166508,-0.007220,0.000000
0.160000,1.497854,0.080462,0.198422,-0.026654,0.499289,-0.009800,-0.166456,-0.008330,0.000000
0.180000,1.497286,0.090446,0.198226,-0.029982,0.499100,-0.009800,-0.166397,-0.009439,0.000000
0.200000,1.496651,0.100425,0.198030,-0.033308,0.498889,-0.009800,-0.166331,-0.010548,0.000000
0.220000,1.495950,0.110401,0.197834,-0.036633,0.498656,-0.009800,-0.166257,-0.011657,0.000000
0.240000,1.495183,0.120371,0.197638,-0.039957,0.498401,-0.009800,-0.166175,-0.012765,0.000000
0.260000,1.494349,0.130336,0.197442,-0.043279,0.498123,-0.009800,-0.166086,-0.013873,0.000000
0.280000,1.493448,0.140296,0.197246,-0.046598,0.497824,-0.009800,-0.165990,-0.014979,0.000000
0.300000,1.492481,0.150249,0.197050,-0.049916,0.497502,-0.009800,-0.165887,-0.016086,0.000000
0.320000,1.491448,0.160195,0.196854,-0.053232,0.497158,-0.009800,-0.165776,-0.017191,0.000000
0.340000,1.490349,0.170135,0.196658,-0.056545,0.496792,-0.009800,-0.165657,-0.018296,0.000000
0.360000,1.489183,0.180067,0.196462,-0.059856,0.496404,-0.009800,-0.165532,-0.019400,0.000000
0.380000,1.487951,0.189990,0.196266,-0.063163,0.495994,-0.009800,-0.165399,-0.020503,0.000000
0.400000,1.486653,0.199906,0.196070,-0.066469,0.495562,-0.009800,-0.165258,-0.021605,0.000000
0.420000,1.485289,0.209812,0.195874,-0.069771,0.495108,-0.009800,-0.165111,-0.022706,0.000000
0.440000,1.483859,0.219709,0.195678,-0.073070,0.494632,-0.009800,-0.164956,-0.023807,0.000000
0.460000,1.482363,0.229597,0.195482,-0.076366,0.494134,-0.009800,-0.164793,-0.024906,0.000000
0.480000,1.480801,0.239474,0.195286,-0.079658,0.493614,-0.009800,-0.164624,-0.026004,0.000000
0.500000,1.479174,0.249341,0.195090,-0.082947,0.493072,-0.009800,-0.164447,-0.027101,0.000000
0.520000,1.477480,0.259196,0.194894,-0.086232,0.492508,-0.009800,-0.164262,-0.028196,0.000000
0.540000,1.475721,0.269040,0.194698,-0.089514,0.491922,-0.009800,-0.164071,-0.029291,0.000000
0.560000,1.473896,0.278872,0.194502,-0.092791,0.491314,-0.009800,-0.163872,-0.030384,0.000000
0.580000,1.472006,0.288692,0.194306,-0.096065,0.490685,-0.009800,-0.163665,-0.031476,0.000000
0.600000,1.470050,0.298499,0.194110,-0.099334,0.490033,-0.009800,-0.163452,-0.032566,0.000000
0.620000,1.468030,0.308293,0.193914,-0.102598,0.489360,-0.009800,-0.163231,-0.033655,0.000000
0.640000,1.465943,0.318073,0.193718,-0.105858,0.488666,-0.009800,-0.163003,-0.034743,0.000000
0.660000,1.463792,0.327838,0.193522,-0.109114,0.487949,-0.009800,-0.162768,-0.035828,0.000000
0.680000,1.461576,0.337590,0.193326,-0.112364,0.487211,-0.009800,-0.162526,-0.036913,0.000000
0.700000,1.459294,0.347326,0.193130,-0.115610,0.486451,-0.009800,-0.162276,-0.037995,0.000000
0.720000,1.456948,0.357047,0.192934,-0.118850,0.485669,-0.009800,-0.162019,-0.039076,0.000000
0.740000,1.454537,0.366752,0.192738,-0.122085,0.484866,-0.009800,-0.161755,-0.040156,0.000000
0.760000,1.452061,0.376441,0.192542,-0.125315,0.484041,-0.009800,-0.161484,-0.041233,0.000000
0.780000,1.449521,0.386113,0.192346,-0.128539,0.483195,-0.009800,-0.161205,-0.042309,0.000000
0.800000,1.446917,0.395767,0.192150,-0.131757,0.482328,-0.009800,-0.160919,-0.043382,0.000000
0.820000,1.444248,0.405405,0.191954,-0.134970,0.481439,-0.009800,-0.160627,-0.044454,0.000000
0.840000,1.441515,0.415024,0.191758,-0.138176,0.480528,-0.009800,-0.160327,-0.045524,0.000000
0.860000,1.438718,0.424625,0.191562,-0.141377,0.479596,-0.009800,-0.160020,-0.046592,0.000000
0.880000,1.435856,0.434207,0.191366,-0.144571,0.478643,-0.009800,-0.159706,-0.047658,0.000000
0.900000,1.432932,0.443769,0.191170,-0.147759,0.477669,-0.009800,-0.159384,-0.048721,0.000000
0.920000,1.429943,0.453312,0.190974,-0.150940,0.476673,-0.009800,-0.159056,-0.049783,0.000000
0.940000,1.426891,0.462835,0.190778,-0.154114,0.475656,-0.009800,-0.158721,-0.050842,0.000000
0.960000,1.423775,0.472337,0.190582,-0.157282,0.474618,-0.009800,-0.158378,-0.051899,0.000000
0.980000,1.420596,0.481819,0.190386,-0.160442,0.473559,-0.009800,-0.158029,-0.052954,0.000000
1.000000,1.417354,0.491278,0.190190,-0.163596,0.472479,-0.009800,-0.157672,-0.054006,0.000000
1.020000,1.414049,0.500717,0.189994,-0.166742,0.471378,-0.009800,-0.157308,-0.055056,0.000000
1.040000,1.410682,0.510132,0.189798,-0.169881,0.470256,-0.009800,-0.156938,-0.056103,0.000000
1.060000,1.407251,0.519525,0.189602,-0.173012,0.469113,-0.009800,-0.156560,-0.057148,0.000000
1.080000,1.403758,0.528896,0.189406,-0.176135,0.467949,-0.009800,-0.156176,-0.058191,0.000000
1.100000,1.400203,0.538242,0.189210,-0.179251,0.466764,-0.009800,-0.155785,-0.059231,0.000000
1.120000,1.396585,0.547565,0.189014,-0.182359,0.465559,-0.009800,-0.155386,-0.060268,0.000000
1.140000,1.392905,0.556863,0.188818,-0.185458,0.464333,-0.009800,-0.154981,-0.061303,0.000000
1.160000,1.389164,0.566137,0.188622,-0.188550,0.463086,-0.009800,-0.154569,-0.062334,0.000000
1.180000,1.385360,0.575385,0.188426,-0.191633,0.461819,-0.009800,-0.154150,-0.063363,0.000000
1.200000,1.381495,0.584608,0.188230,-0.194707,0.460531,-0.009800,-0.153724,-0.064390,0.000000
1.220000,1.377569,0.593805,0.188034,-0.197773,0.459223,-0.009800,-0.153291,-0.065413,0.000000
1.240000,1.373581,0.602976,0.187838,-0.200830,0.457894,-0.009800,-0.152852,-0.066433,0.000000
1.260000,1.369533,0.612119,0.187642,-0.203878,0.456545,-0.009800,-0.152406,-0.067451,0.000000
1.280000,1.365423,0.621236,0.187446,-0.206917,0.455176,-0.009800,-0.151953,-0.068466,0.000000
1.300000,1.361253,0.630325,0.187250,-0.209947,0.453786,-0.009800,-0.151493,-0.069477,0.000000
1.320000,1.357022,0.639386,0.187054,-0.212968,0.452377,-0.009800,-0.151026,-0.070485,0.000000
1.340000,1.352731,0.648418,0.186858,-0.215979,0.450947,-0.009800,-0.150553,-0.071491,0.000000
1.360000,1.348380,0.657422,0.186662,-0.218980,0.449497,-0.009800,-0.150073,-0.072493,0.000000
1.380000,1.343969,0.666397,0.186466,-0.221972,0.448027,-0.009800,-0.149586,-0.073492,0.000000
1.400000,1.339498,0.675342,0.186270,-0.224954,0.446538,-0.009800,-0.149093,-0.074487,0.000000
1.420000,1.334968,0.684257,0.186074,-0.227926,0.445028,-0.009800,-0.148593,-0.075479,0.000000
1.440000,1.330379,0.693141,0.185878,-0.230887,0.443499,-0.009800,-0.148087,-0.076468,0.000000
1.460000,1.325730,0.701995,0.185682,-0.233839,0.441949,-0.009800,-0.147574,-0.077454,0.000000
1.480000,1.321022,0.710817,0.185486,-0.236780,0.440381,-0.009800,-0.147054,-0.078436,0.000000
1.500000,1.316256,0.719608,0.185290,-0.239711,0.438792,-0.009800,-0.146528,-0.079415,0.000000
1.520000,1.311431,0.728367,0.185094,-0.242630,0.437185,-0.009800,-0.145995,-0.080390,0.000000
1.540000,1.306548,0.737094,0.184898,-0.245540,0.435557,-0.009800,-0.145456,-0.081361,0.000000
1.560000,1.301606,0.745788,0.184702,-0.248438,0.433911,-0.009800,-0.144910,-0.082329,0.000000
1.580000,1.296607,0.754449,0.184506,-0.251325,0.432245,-0.009800,-0.144358,-0.083293,0.000000
1.600000,1.291551,0.763076,0.184310,-0.254201,0.430560,-0.009800,-0.143800,-0.084254,0.000000
1.620000,1.286437,0.771669,0.184114,-0.257066,0.428856,-0.009800,-0.143235,-0.085211,0.000000
1.640000,1.281265,0.780228,0.183918,-0.259919,0.427132,-0.009800,-0.142664,-0.086164,0.000000
1.660000,1.276037,0.788753,0.183722,-0.262761,0.425390,-0.009800,-0.142086,-0.087113,0.000000
1.680000,1.270752,0.797242,0.183526,-0.265591,0.423629,-0.009800,-0.141502,-0.088058,0.000000
1.700000,1.265411,0.805696,0.183330,-0.268409,0.421849,-0.009800,-0.140912,-0.088999,0.000000
1.720000,1.260013,0.814114,0.183134,-0.271215,0.420050,-0.009800,-0.140316,-0.089937,0.000000
1.740000,1.254559,0.822496,0.182938,-0.274010,0.418233,-0.009800,-0.139713,-0.090870,0.000000
1.760000,1.249050,0.830841,0.182742,-0.276792,0.416397,-0.009800,-0.139104,-0.091800,0.000000
1.780000,1.243485,0.839150,0.182546,-0.279561,0.414542,-0.009800,-0.138489,-0.092725,0.000000
1.800000,1.237865,0.847421,0.182350,-0.282319,0.412669,-0.009800,-0.137868,-0.093646,0.000000
1.820000,1.232190,0.855655,0.182154,-0.285064,0.410778,-0.009800,-0.137240,-0.094563,0.000000
1.840000,1.226460,0.863850,0.181958,-0.287796,0.408869,-0.009800,-0.136607,-0.095476,0.000000
1.860000,1.220675,0.872007,0.181762,-0.290515,0.406941,-0.009800,-0.135967,-0.096385,0.000000
1.880000,1.214836,0.880126,0.181566,-0.293221,0.404995,-0.009800,-0.135322,-0.097289,0.000000
1.900000,1.208944,0.888205,0.181370,-0.295915,0.403031,-0.009800,-0.134670,-0.098189,0.000000
1.920000,1.202997,0.896245,0.181174,-0.298595,0.401050,-0.009800,-0.134013,-0.099084,0.000000
1.940000,1.196997,0.904245,0.180978,-0.301262,0.399050,-0.009800,-0.133349,-0.099976,0.000000
1.960000,1.190944,0.912205,0.180782,-0.303916,0.397033,-0.009800,-0.132680,-0.100862,0.000000
1.980000,1.184838,0.920124,0.180586,-0.306556,0.394998,-0.009800,-0.132004,-0.101745,0.000000
2.000000,1.178679,0.928003,0.180390,-0.309182,0.392946,-0.009800,-0.131323,-0.102622,0.000000
2.020000,1.172468,0.935840,0.180194,-0.311795,0.390876,-0.009800,-0.130636,-0.103496,0.000000
2.040000,1.166205,0.943635,0.179998,-0.314394,0.388788,-0.009800,-0.129943,-0.104364,0.000000
2.060000,1.159890,0.951389,0.179802,-0.316979,0.386684,-0.009800,-0.129245,-0.105228,0.000000
2.080000,1.153523,0.959101,0.179606,-0.319550,0.384562,-0.009800,-0.128540,-0.106087,0.000000
2.100000,1.147105,0.966769,0.179410,-0.322106,0.382423,-0.009800,-0.127830,-0.106942,0.000000
2.120000,1.140637,0.974395,0.179214,-0.324648,0.380268,-0.009800,-0.127114,-0.107792,0.000000
2.140000,1.134117,0.981978,0.179018,-0.327176,0.378095,-0.009800,-0.126393,-0.108637,0.000000
2.160000,1.127547,0.989517,0.178822,-0.329690,0.375905,-0.009800,-0.125666,-0.109477,0.000000
2.180000,1.120927,0.997012,0.178626,-0.332188,0.373699,-0.009800,-0.124933,-0.110312,0.000000
2.200000,1.114257,1.004462,0.178430,-0.334672,0.371476,-0.009800,-0.124195,-0.111143,0.000000
2.220000,1.107538,1.011868,0.178234,-0.337141,0.369237,-0.009800,-0.123451,-0.111968,0.000000
2.240000,1.100769,1.019229,0.178038,-0.339595,0.366981,-0.009800,-0.122702,-0.112789,0.000000
2.260000,1.093952,1.026545,0.177842,-0.342034,0.364709,-0.009800,-0.121948,-0.113604,0.000000
2.280000,1.087086,1.033815,0.177646,-0.344458,0.362421,-0.009800,-0.121187,-0.114415,0.000000
2.300000,1.080171,1.041040,0.177450,-0.346866,0.360116,-0.009800,-0.120422,-0.115220,0.000000
2.320000,1.073209,1.048218,0.177254,-0.349259,0.357796,-0.009800,-0.119651,-0.116020,0.000000
2.340000,1.066198,1.055349,0.177058,-0.351637,0.355460,-0.009800,-0.118875,-0.116815,0.000000
2.360000,1.059141,1.062434,0.176862,-0.353999,0.353107,-0.009800,-0.118094,-0.117605,0.000000
2.380000,1.052036,1.069471,0.176666,-0.356345,0.350740,-0.009800,-0.117307,-0.118390,0.000000
2.400000,1.044885,1.076461,0.176470,-0.358675,0.348356,-0.009800,-0.116515,-0.119169,0.000000
2.420000,1.037687,1.083403,0.176274,-0.360990,0.345957,-0.009800,-0.115718,-0.119943,0.000000
2.440000,1.030443,1.090296,0.176078,-0.363288,0.343543,-0.009800,-0.114916,-0.120712,0.000000
2.460000,1.023153,1.097142,0.175882,-0.365570,0.341114,-0.009800,-0.114109,-0.121476,0.000000
2.480000,1.015818,1.103938,0.175686,-0.367836,0.338669,-0.009800,-0.113296,-0.122234,0.000000
2.500000,1.008438,1.110686,0.175490,-0.370086,0.336209,-0.009800,-0.112479,-0.122986,0.000000
2.520000,1.001012,1.117384,0.175294,-0.372319,0.333735,-0.009800,-0.111657,-0.123733,0.000000
2.540000,0.993543,1.124033,0.175098,-0.374535,0.331245,-0.009800,-0.110829,-0.124475,0.000000
2.560000,0.986029,1.130631,0.174902,-0.376735,0.328741,-0.009800,-0.109997,-0.125211,0.000000
2.580000,0.978471,1.137180,0.174706,-0.378918,0.326222,-0.009800,-0.109160,-0.125942,0.000000
2.600000,0.970870,1.143678,0.174510,-0.381085,0.323689,-0.009800,-0.108318,-0.126666,0.000000
2.620000,0.963226,1.150125,0.174314,-0.383234,0.321141,-0.009800,-0.107471,-0.127386,0.000000
2.640000,0.955539,1.156521,0.174118,-0.385367,0.318579,-0.009800,-0.106619,-0.128099,0.000000
2.660000,0.947809,1.162865,0.173922,-0.387482,0.316003,-0.009800,-0.105763,-0.128807,0.000000
2.680000,0.940037,1.169158,0.173726,-0.389580,0.313413,-0.009800,-0.104902,-0.129509,0.000000
2.700000,0.932224,1.175399,0.173530,-0.391661,0.310809,-0.009800,-0.104036,-0.130206,0.000000
2.720000,0.924369,1.181588,0.173334,-0.393724,0.308191,-0.009800,-0.103166,-0.130897,0.000000
2.740000,0.916473,1.187724,0.173138,-0.395770,0.305559,-0.009800,-0.102291,-0.131581,0.000000
2.760000,0.908536,1.193807,0.172942,-0.397798,0.302914,-0.009800,-0.101411,-0.132260,0.000000
2.780000,0.900559,1.199838,0.172746,-0.399809,0.300255,-0.009800,-0.100528,-0.132934,0.000000
2.800000,0.892542,1.205815,0.172550,-0.401801,0.297583,-0.009800,-0.099639,-0.133601,0.000000
2.820000,0.884485,1.211738,0.172354,-0.403776,0.294898,-0.009800,-0.098746,-0.134262,0.000000
2.840000,0.876389,1.217608,0.172158,-0.405733,0.292199,-0.009800,-0.097849,-0.134917,0.000000
2.860000,0.868254,1.223424,0.171962,-0.407672,0.289488,-0.009800,-0.096947,-0.135567,0.000000
2.880000,0.860081,1.229185,0.171766,-0.409593,0.286764,-0.009800,-0.096041,-0.136210,0.000000
2.900000,0.851869,1.234891,0.171570,-0.411496,0.284027,-0.009800,-0.095131,-0.136847,0.000000
2.920000,0.843619,1.240543,0.171374,-0.413380,0.281277,-0.009800,-0.094217,-0.137478,0.000000
2.940000,0.835332,1.246140,0.171178,-0.415246,0.278515,-0.009800,-0.093298,-0.138103,0.000000
2.960000,0.827007,1.251681,0.170982,-0.417093,0.275741,-0.009800,-0.092375,-0.138722,0.000000
2.980000,0.818646,1.257166,0.170786,-0.418922,0.272954,-0.009800,-0.091449,-0.139335,0.000000
3.000000,0.810249,1.262596,0.170590,-0.420733,0.270155,-0.009800,-0.090518,-0.139942,0.000000
3.020000,0.801815,1.267970,0.170394,-0.422524,0.267345,-0.009800,-0.089583,-0.140542,0.000000
3.040000,0.793346,1.273287,0.170198,-0.424297,0.264522,-0.009800,-0.088644,-0.141136,0.000000
3.060000,0.784842,1.278548,0.170002,-0.426051,0.261687,-0.009800,-0.087701,-0.141724,0.000000
3.080000,0.776303,1.283752,0.169806,-0.427786,0.258841,-0.009800,-0.086754,-0.142305,0.000000
3.100000,0.767729,1.288898,0.169610,-0.429503,0.255984,-0.009800,-0.085804,-0.142881,0.000000
3.120000,0.759121,1.293988,0.169414,-0.431199,0.253115,-0.009800,-0.084849,-0.143449,0.000000
3.140000,0.750479,1.299020,0.169218,-0.432877,0.250234,-0.009800,-0.083891,-0.144012,0.000000
3.160000,0.741804,1.303994,0.169022,-0.434536,0.247343,-0.009800,-0.082929,-0.144568,0.000000
3.180000,0.733096,1.308911,0.168826,-0.436175,0.244441,-0.009800,-0.081963,-0.145118,0.000000
3.200000,0.724356,1.313769,0.168630,-0.437795,0.241527,-0.009800,-0.080994,-0.145661,0.000000
3.220000,0.715583,1.318569,0.168434,-0.439395,0.238603,-0.009800,-0.080021,-0.146197,0.000000
3.240000,0.706778,1.323310,0.168238,-0.440976,0.235669,-0.009800,-0.079045,-0.146728,0.000000
3.260000,0.697942,1.327993,0.168042,-0.442538,0.232724,-0.009800,-0.078065,-0.147251,0.000000
3.280000,0.689075,1.332616,0.167846,-0.444079,0.229769,-0.009800,-0.077082,-0.147769,0.000000
3.300000,0.680178,1.337180,0.167650,-0.445601,0.226803,-0.009800,-0.076095,-0.148279,0.000000
3.320000,0.671250,1.341685,0.167454,-0.447103,0.223827,-0.009800,-0.075105,-0.148783,0.000000
3.340000,0.662292,1.346130,0.167258,-0.448586,0.220842,-0.009800,-0.074111,-0.149281,0.000000
3.360000,0.653305,1.350516,0.167062,-0.450048,0.217846,-0.009800,-0.073114,-0.149771,0.000000
3.380000,0.644289,1.354841,0.166866,-0.451490,0.214841,-0.009800,-0.072114,-0.150255,0.000000
3.400000,0.635244,1.359106,0.166670,-0.452912,0.211826,-0.009800,-0.071111,-0.150733,0.000000
3.420000,0.626171,1.363311,0.166474,-0.454314,0.208802,-0.009800,-0.070104,-0.151203,0.000000
3.440000,0.617071,1.367455,0.166278,-0.455696,0.205769,-0.009800,-0.069095,-0.151667,0.000000
3.460000,0.607942,1.371539,0.166082,-0.457058,0.202727,-0.009800,-0.068082,-0.152125,0.000000
3.480000,0.598787,1.375561,0.165886,-0.458399,0.199675,-0.009800,-0.067067,-0.152575,0.000000
3.500000,0.589605,1.379523,0.165690,-0.459720,0.196615,-0.009800,-0.066048,-0.153019,0.000000
3.520000,0.580397,1.383423,0.165494,-0.461021,0.193546,-0.009800,-0.065026,-0.153456,0.000000
3.540000,0.571163,1.387261,0.165298,-0.462301,0.190468,-0.009800,-0.064002,-0.153886,0.000000
3.560000,0.561904,1.391038,0.165102,-0.463560,0.187382,-0.009800,-0.062975,-0.154309,0.000000
3.580000,0.552620,1.394753,0.164906,-0.464799,0.184287,-0.009800,-0.061944,-0.154726,0.000000
3.600000,0.543311,1.398407,0.164710,-0.466017,0.181184,-0.009800,-0.060912,-0.155135,0.000000
3.620000,0.533978,1.401998,0.164514,-0.467215,0.178074,-0.009800,-0.059876,-0.155538,0.000000
3.640000,0.524621,1.405526,0.164318,-0.468392,0.174955,-0.009800,-0.058838,-0.155933,0.000000
3.660000,0.515241,1.408993,0.164122,-0.469548,0.171829,-0.009800,-0.057797,-0.156322,0.000000
3.680000,0.505838,1.412396,0.163926,-0.470683,0.168695,-0.009800,-0.056753,-0.156704,0.000000
3.700000,0.496413,1.415737,0.163730,-0.471797,0.165553,-0.009800,-0.055708,-0.157079,0.000000
3.720000,0.486965,1.419015,0.163534,-0.472890,0.162404,-0.009800,-0.054659,-0.157447,0.000000
3.740000,0.477496,1.422230,0.163338,-0.473962,0.159248,-0.009800,-0.053608,-0.157808,0.000000
3.760000,0.468006,1.425382,0.163142,-0.475013,0.156085,-0.009800,-0.052555,-0.158162,0.000000
3.780000,0.458495,1.428470,0.162946,-0.476043,0.152914,-0.009800,-0.051500,-0.158508,0.000000
3.800000,0.448963,1.431495,0.162750,-0.477052,0.149737,-0.009800,-0.050442,-0.158848,0.000000
3.820000,0.439412,1.434457,0.162554,-0.478040,0.146554,-0.009800,-0.049382,-0.159181,0.000000
3.840000,0.429841,1.437354,0.162358,-0.479006,0.143364,-0.009800,-0.048319,-0.159507,0.000000
3.860000,0.420251,1.440188,0.162162,-0.479951,0.140167,-0.009800,-0.047255,-0.159825,0.000000
3.880000,0.410642,1.442958,0.161966,-0.480875,0.136964,-0.009800,-0.046188,-0.160137,0.000000
3.900000,0.401015,1.445663,0.161770,-0.481777,0.133756,-0.009800,-0.045120,-0.160441,0.000000
3.920000,0.391370,1.448305,0.161574,-0.482658,0.130541,-0.009800,-0.044049,-0.160738,0.000000
3.940000,0.381708,1.450882,0.161378,-0.483518,0.127320,-0.009800,-0.042977,-0.161028,0.000000
3.960000,0.372029,1.453394,0.161182,-0.484356,0.124094,-0.009800,-0.041902,-0.161311,0.000000
3.980000,0.362333,1.455842,0.160986,-0.485172,0.120862,-0.009800,-0.040826,-0.161587,0.000000
4.000000,0.352621,1.458226,0.160790,-0.485967,0.117625,-0.009800,-0.039748,-0.161856,0.000000
4.020000,0.342894,1.460544,0.160594,-0.486741,0.114383,-0.009800,-0.038668,-0.162117,0.000000
4.040000,0.333151,1.462798,0.160398,-0.487492,0.111135,-0.009800,-0.037586,-0.162371,0.000000
4.060000,0.323394,1.464986,0.160202,-0.488223,0.107883,-0.009800,-0.036503,-0.162618,0.000000
4.080000,0.313622,1.467110,0.160006,-0.488931,0.104626,-0.009800,-0.035418,-0.162858,0.000000
4.100000,0.303836,1.469168,0.159810,-0.489618,0.101364,-0.009800,-0.034331,-0.163090,0.000000
4.120000,0.294036,1.471161,0.159614,-0.490282,0.098098,-0.009800,-0.033243,-0.163316,0.000000
4.140000,0.284224,1.473088,0.159418,-0.490925,0.094827,-0.009800,-0.032154,-0.163534,0.000000
4.160000,0.274399,1.474951,0.159222,-0.491547,0.091552,-0.009800,-0.031063,-0.163744,0.000000
4.180000,0.264562,1.476747,0.159026,-0.492146,0.088273,-0.009800,-0.029971,-0.163948,0.000000
4.200000,0.254713,1.478478,0.158830,-0.492724,0.084990,-0.009800,-0.028877,-0.164144,0.000000
4.220000,0.244852,1.480144,0.158634,-0.493279,0.081704,-0.009800,-0.027782,-0.164333,0.000000
4.240000,0.234981,1.481743,0.158438,-0.493813,0.078414,-0.009800,-0.026686,-0.164514,0.000000
4.260000,0.225099,1.483277,0.158242,-0.494325,0.075120,-0.009800,-0.025589,-0.164689,0.000000
4.280000,0.215208,1.484745,0.158046,-0.494815,0.071823,-0.009800,-0.024490,-0.164856,0.000000
4.300000,0.205306,1.486146,0.157850,-0.495282,0.068522,-0.009800,-0.023391,-0.165015,0.000000
4.320000,0.195396,1.487482,0.157654,-0.495728,0.065219,-0.009800,-0.022290,-0.165167,0.000000
4.340000,0.185477,1.488752,0.157458,-0.496152,0.061913,-0.009800,-0.021188,-0.165312,0.000000
4.360000,0.175550,1.489955,0.157262,-0.496554,0.058604,-0.009800,-0.020086,-0.165450,0.000000
4.380000,0.165615,1.491093,0.157066,-0.496933,0.055292,-0.009800,-0.018983,-0.165580,0.000000
4.400000,0.155672,1.492164,0.156870,-0.497291,0.051978,-0.009800,-0.017878,-0.165703,0.000000
4.420000,0.145723,1.493168,0.156674,-0.497626,0.048662,-0.009800,-0.016773,-0.165819,0.000000
4.440000,0.135767,1.494107,0.156478,-0.497940,0.045343,-0.009800,-0.015667,-0.165927,0.000000
4.460000,0.125805,1.494979,0.156282,-0.498231,0.042023,-0.009800,-0.014561,-0.166027,0.000000
4.480000,0.115838,1.495784,0.156086,-0.498500,0.038700,-0.009800,-0.013454,-0.166121,0.000000
4.500000,0.105865,1.496523,0.155890,-0.498747,0.035376,-0.009800,-0.012346,-0.166207,0.000000
4.520000,0.095888,1.497196,0.155694,-0.498972,0.032050,-0.009800,-0.011238,-0.166285,0.000000
4.540000,0.085906,1.497802,0.155498,-0.499174,0.028723,-0.009800,-0.010129,-0.166357,0.000000
4.560000,0.075921,1.498342,0.155302,-0.499355,0.025395,-0.009800,-0.009020,-0.166420,0.000000
4.580000,0.065932,1.498815,0.155106,-0.499513,0.022065,-0.009800,-0.007910,-0.166477,0.000000
4.600000,0.055940,1.499221,0.154910,-0.499649,0.018735,-0.009800,-0.006800,-0.166526,0.000000
4.620000,0.045946,1.499561,0.154714,-0.499763,0.015403,-0.009800,-0.005690,-0.166568,0.000000
4.640000,0.035950,1.499834,0.154518,-0.499854,0.012071,-0.009800,-0.004579,-0.166602,0.000000
4.660000,0.025952,1.500040,0.154322,-0.499924,0.008739,-0.009800,-0.003468,-0.166629,0.000000
4.680000,0.015953,1.500180,0.154126,-0.499971,0.005406,-0.009800,-0.002357,-0.166648,0.000000
4.700000,0.005953,1.500253,0.153930,-0.499996,0.002073,-0.009800,-0.001246,-0.166660,0.000000
4.720000,-0.004047,1.500260,0.153734,-0.499998,-0.001261,-0.009800,-0.000135,-0.166665,0.000000
4.740000,-0.014047,1.500199,0.153538,-0.499979,-0.004594,-0.009800,0.000976,-0.166662,0.000000
4.760000,-0.024046,1.500072,0.153342,-0.499937,-0.007927,-0.009800,0.002087,-0.166652,0.000000
4.780000,-0.034044,1.499879,0.153146,-0.499873,-0.011260,-0.009800,0.003198,-0.166634,0.000000
4.800000,-0.044041,1.499619,0.152950,-0.499787,-0.014592,-0.009800,0.004309,-0.166609,0.000000
4.820000,-0.054035,1.499292,0.152754,-0.499679,-0.017923,-0.009800,0.005419,-0.166577,0.000000
4.840000,-0.064028,1.498899,0.152558,-0.499548,-0.021254,-0.009800,0.006530,-0.166537,0.000000
4.860000,-0.074017,1.498438,0.152362,-0.499395,-0.024584,-0.009800,0.007640,-0.166490,0.000000
4.880000,-0.084003,1.497912,0.152166,-0.499220,-0.027913,-0.009800,0.008749,-0.166435,0.000000
4.900000,-0.093985,1.497319,0.151970,-0.499023,-0.031240,-0.009800,0.009859,-0.166373,0.000000
4.920000,-0.103964,1.496659,0.151774,-0.498804,-0.034566,-0.009800,0.010968,-0.166303,0.000000
4.940000,-0.113937,1.495933,0.151578,-0.498562,-0.037891,-0.009800,0.012076,-0.166227,0.000000
4.960000,-0.123906,1.495140,0.151382,-0.498299,-0.041213,-0.009800,0.013184,-0.166142,0.000000
4.980000,-0.133869,1.494281,0.151186,-0.498013,-0.044534,-0.009800,0.014291,-0.166051,0.000000
5.000000,-0.143826,1.493355,0.150990,-0.497705,-0.047853,-0.009800,0.015398,-0.165952,0.000000
5.020000,-0.153776,1.492363,0.150794,-0.497375,-0.051170,-0.009800,0.016504,-0.165846,0.000000
5.040000,-0.163720,1.491305,0.150598,-0.497023,-0.054485,-0.009800,0.017609,-0.165732,0.000000
5.060000,-0.173657,1.490181,0.150402,-0.496648,-0.057797,-0.009800,0.018714,-0.165611,0.000000
5.080000,-0.183586,1.488990,0.150206,-0.496252,-0.061107,-0.009800,0.019817,-0.165482,0.000000
5.100000,-0.193506,1.487733,0.150010,-0.495833,-0.064414,-0.009800,0.020920,-0.165347,0.000000
5.120000,-0.203418,1.486410,0.149814,-0.495393,-0.067718,-0.009800,0.022022,-0.165203,0.000000
5.140000,-0.213321,1.485021,0.149618,-0.494931,-0.071019,-0.009800,0.023123,-0.165053,0.000000
5.160000,-0.223215,1.483566,0.149422,-0.494446,-0.074317,-0.009800,0.024222,-0.164895,0.000000
5.180000,-0.233099,1.482045,0.149226,-0.493940,-0.077611,-0.009800,0.025321,-0.164730,0.000000
5.200000,-0.242972,1.480458,0.149030,-0.493411,-0.080903,-0.009800,0.026419,-0.164557,0.000000
5.220000,-0.252834,1.478806,0.148834,-0.492861,-0.084190,-0.009800,0.027515,-0.164378,0.000000
5.240000,-0.262686,1.477088,0.148638,-0.492289,-0.087474,-0.009800,0.028611,-0.164191,0.000000
5.260000,-0.272525,1.475304,0.148442,-0.491695,-0.090754,-0.009800,0.029704,-0.163996,0.000000
5.280000,-0.282353,1.473454,0.148246,-0.491079,-0.094030,-0.009800,0.030797,-0.163795,0.000000
5.300000,-0.292168,1.471539,0.148050,-0.490441,-0.097302,-0.009800,0.031888,-0.163586,0.000000
5.320000,-0.301970,1.469559,0.147854,-0.489781,-0.100569,-0.009800,0.032978,-0.163369,0.000000
5.340000,-0.311758,1.467513,0.147658,-0.489100,-0.103832,-0.009800,0.034067,-0.163146,0.000000
5.360000,-0.321533,1.465402,0.147462,-0.488397,-0.107090,-0.009800,0.035153,-0.162915,0.000000
5.380000,-0.331293,1.463226,0.147266,-0.487672,-0.110344,-0.009800,0.036239,-0.162677,0.000000
5.400000,-0.341039,1.460985,0.147070,-0.486926,-0.113592,-0.009800,0.037322,-0.162432,0.000000
5.420000,-0.350769,1.458679,0.146874,-0.486158,-0.116836,-0.009800,0.038404,-0.162180,0.000000
5.440000,-0.360484,1.456309,0.146678,-0.485368,-0.120074,-0.009800,0.039485,-0.161920,0.000000
5.460000,-0.370183,1.453873,0.146482,-0.484557,-0.123307,-0.009800,0.040563,-0.161653,0.000000
5.480000,-0.379865,1.451373,0.146286,-0.483724,-0.126535,-0.009800,0.041640,-0.161379,0.000000
5.500000,-0.389531,1.448809,0.146090,-0.482870,-0.129757,-0.009800,0.042715,-0.161098,0.000000
5.520000,-0.399179,1.446180,0.145894,-0.481994,-0.132973,-0.009800,0.043788,-0.160810,0.000000
5.540000,-0.408810,1.443487,0.145698,-0.481097,-0.136183,-0.009800,0.044859,-0.160514,0.000000
5.560000,-0.418422,1.440729,0.145502,-0.480178,-0.139388,-0.009800,0.045928,-0.160211,0.000000
5.580000,-0.428016,1.437908,0.145306,-0.479238,-0.142586,-0.009800,0.046995,-0.159902,0.000000
5.600000,-0.437590,1.435023,0.145110,-0.478277,-0.145777,-0.009800,0.048060,-0.159585,0.000000
5.620000,-0.447146,1.432074,0.144914,-0.477295,-0.148963,-0.009800,0.049123,-0.159261,0.000000
5.640000,-0.456681,1.429061,0.144718,-0.476291,-0.152141,-0.009800,0.050184,-0.158930,0.000000
5.660000,-0.466196,1.425985,0.144522,-0.475266,-0.155313,-0.009800,0.051242,-0.158592,0.000000
5.680000,-0.475691,1.422845,0.144326,-0.474220,-0.158478,-0.009800,0.052298,-0.158247,0.000000
5.700000,-0.485164,1.419643,0.144130,-0.473153,-0.161636,-0.009800,0.053352,-0.157895,0.000000
5.720000,-0.494615,1.416377,0.143934,-0.472065,-0.164787,-0.009800,0.054403,-0.157535,0.000000
5.740000,-0.504045,1.413048,0.143738,-0.470956,-0.167930,-0.009800,0.055452,-0.157169,0.000000
5.760000,-0.513452,1.409657,0.143542,-0.469826,-0.171066,-0.009800,0.056499,-0.156796,0.000000
5.780000,-0.522837,1.406202,0.143346,-0.468675,-0.174194,-0.009800,0.057543,-0.156416,0.000000
5.800000,-0.532198,1.402686,0.143150,-0.467503,-0.177315,-0.009800,0.058584,-0.156029,0.000000
5.820000,-0.541536,1.399107,0.142954,-0.466311,-0.180427,-0.009800,0.059623,-0.155635,0.000000
5.840000,-0.550849,1.395466,0.142758,-0.465098,-0.183532,-0.009800,0.060660,-0.155234,0.000000
5.860000,-0.560138,1.391762,0.142562,-0.463864,-0.186629,-0.009800,0.061693,-0.154826,0.000000
5.880000,-0.569402,1.387997,0.142366,-0.462609,-0.189717,-0.009800,0.062724,-0.154411,0.000000
5.900000,-0.578641,1.384171,0.142170,-0.461334,-0.192797,-0.009800,0.063752,-0.153990,0.000000
5.920000,-0.587854,1.380283,0.141974,-0.460039,-0.195868,-0.009800,0.064777,-0.153561,0.000000
5.940000,-0.597041,1.376333,0.141778,-0.458723,-0.198930,-0.009800,0.065799,-0.153126,0.000000
5.960000,-0.606202,1.372322,0.141582,-0.457387,-0.201984,-0.009800,0.066819,-0.152684,0.000000
5.980000,-0.615335,1.368251,0.141386,-0.456030,-0.205029,-0.009800,0.067835,-0.152235,0.000000
6.000000,-0.624442,1.364118,0.141190,-0.454653,-0.208064,-0.009800,0.068848,-0.151779,0.000000
6.020000,-0.633520,1.359925,0.140994,-0.453256,-0.211091,-0.009800,0.069859,-0.151317,0.000000
6.040000,-0.642570,1.355672,0.140798,-0.451838,-0.214108,-0.009800,0.070866,-0.150848,0.000000
6.060000,-0.651592,1.351358,0.140602,-0.450401,-0.217115,-0.009800,0.071870,-0.150372,0.000000
6.080000,-0.660585,1.346984,0.140406,-0.448944,-0.220113,-0.009800,0.072871,-0.149890,0.000000
6.100000,-0.669548,1.342550,0.140210,-0.447466,-0.223101,-0.009800,0.073869,-0.149401,0.000000
6.120000,-0.678482,1.338057,0.140014,-0.445969,-0.226079,-0.009800,0.074863,-0.148905,0.000000
6.140000,-0.687385,1.333504,0.139818,-0.444452,-0.229047,-0.009800,0.075854,-0.148403,0.000000
6.160000,-0.696258,1.328892,0.139622,-0.442915,-0.232005,-0.009800,0.076842,-0.147894,0.000000
6.180000,-0.705100,1.324221,0.139426,-0.441359,-0.234952,-0.009800,0.077826,-0.147378,0.000000
6.200000,-0.713911,1.319491,0.139230,-0.439782,-0.237890,-0.009800,0.078807,-0.146856,0.000000
6.220000,-0.722690,1.314703,0.139034,-0.438187,-0.240816,-0.009800,0.079784,-0.146327,0.000000
6.240000,-0.731436,1.309856,0.138838,-0.436572,-0.243732,-0.009800,0.080758,-0.145792,0.000000
6.260000,-0.740151,1.304951,0.138642,-0.434937,-0.246637,-0.009800,0.081728,-0.145251,0.000000
6.280000,-0.748832,1.299988,0.138446,-0.433283,-0.249531,-0.009800,0.082694,-0.144702,0.000000
6.300000,-0.757480,1.294967,0.138250,-0.431610,-0.252414,-0.009800,0.083657,-0.144148,0.000000
6.320000,-0.766095,1.289888,0.138054,-0.429918,-0.255286,-0.009800,0.084616,-0.143587,0.000000
6.340000,-0.774675,1.284752,0.137858,-0.428206,-0.258146,-0.009800,0.085571,-0.143020,0.000000
6.360000,-0.783221,1.279560,0.137662,-0.426476,-0.260995,-0.009800,0.086523,-0.142446,0.000000
6.380000,-0.791732,1.274310,0.137466,-0.424726,-0.263832,-0.009800,0.087471,-0.141866,0.000000
6.400000,-0.800208,1.269004,0.137270,-0.422958,-0.266658,-0.009800,0.088415,-0.141280,0.000000
6.420000,-0.808649,1.263641,0.137074,-0.421171,-0.269472,-0.009800,0.089354,-0.140687,0.000000
6.440000,-0.817053,1.258222,0.136878,-0.419365,-0.272273,-0.009800,0.090290,-0.140088,0.000000
6.460000,-0.825421,1.252747,0.136682,-0.417541,-0.275063,-0.009800,0.091222,-0.139483,0.000000
6.480000,-0.833753,1.247217,0.136486,-0.415698,-0.277841,-0.009800,0.092150,-0.138872,0.000000
6.500000,-0.842047,1.241631,0.136290,-0.413836,-0.280606,-0.009800,0.093074,-0.138255,0.000000
6.520000,-0.850304,1.235990,0.136094,-0.411956,-0.283358,-0.009800,0.093993,-0.137631,0.000000
6.540000,-0.858524,1.230294,0.135898,-0.410058,-0.286098,-0.009800,0.094909,-0.137002,0.000000
6.560000,-0.866705,1.224543,0.135702,-0.408142,-0.288826,-0.009800,0.095820,-0.136366,0.000000
